"","PERMNO","YEAR","RET-bji","RET-yxia"
"1","10000","1986"," 7.317095e-02",-0.882142847534233
"2","10000","1987","-8.035716e-01",-0.575757347902162
"3","10001","1986"," 8.700000e-02",0.217369077869878
"4","10001","1987"," 2.080000e-01",-0.101275120033897
"5","10001","1988"," 1.080000e-01",0.163160192505212
"6","10001","1989"," 6.240697e+03",0.687925758196561
"7","10001","1990","-5.040000e-07",-0.00872116396250855
"8","10001","1990"," 1.170000e+00",-0.00872116396250855
"9","10001","1992","-3.530000e-02",0.0126212448615792
"10","10001","1993"," 5.920000e-01",0.367996674792745
"11","10001","1994"," 1.196273e+04",0.00661683922583922
"12","10001","1995"," 1.321874e+04",0.228628312761812
"13","10001","1996"," 1.478048e+04",-0.0904477753414937
"14","10001","1997"," 2.064305e+04",0.164265312070448
"15","10001","1998"," 2.008194e+04",0.124245382179036
"16","10001","1999"," 2.019725e+04",-0.0662204039996153
"17","10001","2000"," 2.065442e+04",0.21472490005584
"18","10001","2001"," 2.090616e+04",0.229015048379317
"19","10001","2002"," 1.282081e-02",-0.318478502115107
"20","10001","2003"," 2.151579e-01",-0.176303537283407
"21","10001","2004"," 2.598278e+04",0.159663200958041
"22","10001","2005"," 1.344539e-01",0.411362899281196
"23","10001","2006","-1.331968e-02",0.181931701624285
"24","10001","2007"," 2.022686e+04",0.334089491911573
"25","10001","2008"," 7.049301e-01",-0.0581975504709265
"26","10001","2009"," 4.032906e+04",0.324435340774233
"27","10001","2010"," 3.935283e+04",0.0739937152689896
"28","10001","2011"," 3.823145e+04",0.139163138738249
"29","10001","2012"," 4.545745e+04",-0.139379698570181
"30","10001","2013"," 9.258035e+04",-0.090693841501766
"31","10001","2014"," 8.495198e+04",0.442748934495806
"32","10001","2015"," 8.838824e+04",-0.282165270445762
"33","10001","2016"," 1.380000e-01",0.740636606645356
"34","10002","1986","-3.723442e-02",0.0645152560658284
"35","10002","1987"," 9.392842e-02",-0.191918257818693
"36","10002","1988","-1.049689e-01",-0.16250041956534
"37","10002","1989"," 1.400362e+04",-0.268657418139746
"38","10002","1990"," 2.040800e-02",-0.183673167216774
"39","10002","1990","-4.585636e-01",-0.183673167216774
"40","10002","1992","-2.000012e-01",0.499999482705257
"41","10002","1993","-4.000205e-02",0.464996990332497
"42","10002","1994"," 7.609003e+03",0.0394734639437373
"43","10002","1995"," 1.054382e+04",0.0921287627351954
"44","10002","1996"," 1.490306e+04",-0.0440776920193253
"45","10002","1997"," 4.082720e+04",0.962960322570469
"46","10002","1998"," 4.080507e+04",-0.0481709062204361
"47","10002","1999"," 5.366162e+04",-0.179592566891403
"48","10002","2000"," 7.185807e+04",-0.212422789534577
"49","10002","2001"," 8.281756e+04",0.119580916310851
"50","10002","2002"," 3.400000e-02",0.171631590246135
"51","10002","2003"," 5.510000e-02",0.492715251900591
"52","10002","2004"," 9.282631e+04",0.578180095814652
"53","10002","2005"," 5.620000e-03",-0.161573788664541
"54","10002","2006"," 5.310000e-01",0.296736698637352
"55","10002","2007"," 2.068588e+05",-0.510884822385367
"56","10002","2008"," 7.060000e-01",0.28261156406498
"57","10002","2009"," 2.072082e+05",-0.804133121910148
"58","10002","2010"," 1.808187e+05",-0.0696870714396928
"59","10002","2011"," 1.325430e+05",-0.535581071802503
"60","10002","2012"," 1.105171e+05",1.24193909157905
"61","10002","2013"," 2.210064e+04",0.035971
"62","10002","2014"," 4.262005e+04",NA
"63","10003","1986"," 1.283784e-01",-0.124999625295767
"64","10003","1987","-5.389832e-02",-0.256049288636986
"65","10003","1988","-3.139905e-01",0.429047577799049
"66","10003","1989"," 4.149565e+04",-0.532994706191455
"67","10003","1990","-5.272274e-01",-0.705881959290737
"68","10003","1990"," 1.617652e-01",-0.705881959290737
"69","10003","1992","-7.307693e-01",2.26316128616267
"70","10003","1993","-8.621795e-01",-0.338710522451343
"71","10003","1994"," 8.135811e+03",-0.121951323706014
"72","10003","1995"," 9.587386e+03",1.38888758126543
"73","10003","1996"," 1.070966e+04",NA
"74","10005","1987","-8.124998e-01",0.499999732764859
"75","10005","1988","-7.187498e-01",-0.333333214814907
"76","10005","1989"," 1.040000e+03",-0.3333337666666
"77","10005","1990","-8.750000e-01",-0.24999985
"78","10005","1992","-2.499999e-01",NA
"79","10006","1926"," 1.038990e+00",0.00950831630851434
"80","10006","1927"," 9.568332e-01",0.150738965911693
"81","10006","1928"," 1.112175e+00",-0.054723381014844
"82","10006","1929"," 1.125393e+00",-0.151711404705275
"83","10006","1930"," 8.993479e-01",-0.59554358802093
"84","10006","1931"," 3.665208e-01",-0.738989014171508
"85","10006","1932"," 9.155170e-02",0.0370391451486742
"86","10006","1933"," 9.673428e-02",2.50000484248554
"87","10006","1934"," 3.454794e-01",-0.244898234476668
"88","10006","1935"," 2.556556e-01",0.831081756704234
"89","10006","1936","-7.210000e-07",0.749079353201038
"90","10006","1937"," 7.240000e-01",-0.597366296122359
"91","10006","1938","-2.720000e-01",0.43684005878094
"92","10006","1939","-2.880000e-03",-0.0695950767703489
"93","10006","1940","-6.940000e-02",-0.0433071003773789
"94","10006","1941","-1.210000e-01",0.0691626847112983
"95","10006","1942","-7.810000e-03",-0.179283042668984
"96","10006","1943","-2.140000e-01",0.458268385489976
"97","10006","1944"," 1.330000e-01",0.218794014524987
"98","10006","1945"," 4.140000e-01",0.698336337495298
"99","10006","1946"," 3.125028e-02",-0.175543517408002
"100","10006","1947","-2.106190e-01",-0.112433738049761
"101","10006","1948","-2.829545e-01",-0.214501075139792
"102","10006","1949","-4.485971e-01",-0.0261159208019038
"103","10006","1950","-4.821628e-01",0.307693237307103
"104","10006","1951","-2.876590e-01",0.10705482470269
"105","10006","1952","-2.420580e-01",0.151019726500436
"106","10006","1953","-7.271234e-02",-0.0237775044018237
"107","10006","1954"," 1.106119e-02",0.714742168031359
"108","10006","1955"," 7.366259e-01",0.451771953912035
"109","10006","1956","-1.106975e-02",-0.080746000564326
"110","10006","1957","-7.745084e-02",-0.312077049958561
"111","10006","1958","-3.222568e-01",0.379071555947653
"112","10006","1959","-1.202992e-01",0.0599754436882023
"113","10006","1960","-3.630187e-02",-0.170459237049884
"114","10006","1961","-2.183674e-01",0.844457351616403
"115","10006","1962"," 4.250964e-01",0.191937683801044
"116","10006","1963"," 6.860621e-01",0.653182944394231
"117","10006","1964"," 1.759316e+00",0.290089455050115
"118","10006","1965"," 2.643262e+00",0.223277295519639
"119","10006","1966"," 1.005296e-01",-0.151284240365799
"120","10006","1967","-2.060634e-01",0.230253809348597
"121","10006","1968","-5.658456e-02",0.459571610955682
"122","10006","1969"," 4.147744e-01",-0.179925908754081
"123","10006","1970"," 1.544811e-01",-0.0149998524558951
"124","10006","1971"," 1.401659e-01",0.18192515204403
"125","10006","1972"," 3.383313e-01",-0.0282373044081865
"126","10006","1973"," 3.257419e-01",0.286623159794083
"127","10006","1974"," 6.782759e-01",-0.392719461123049
"128","10006","1975"," 8.703430e-02",0.241651438857628
"129","10006","1976"," 9.090853e-02",0.444699990006715
"130","10006","1977"," 3.335920e-01",0.0391971607148698
"131","10006","1978"," 3.788794e-01",-0.0509328156491673
"132","10006","1979"," 3.282669e-01",0.188958831267591
"133","10006","1980"," 5.901624e-01",0.430884592403675
"134","10006","1981"," 7.360000e-07",-0.0551317854878381
"135","10006","1982","-5.260000e-02",-0.12836333908664
"136","10006","1983","-1.810000e-01",0.604703729782742
"137","10006","1984"," 3.040000e-01",0.0602155201586707
"138","10007","1986"," 2.419357e-01",-0.631578543904708
"139","10007","1987","-5.810789e-01",-0.794642702909928
"140","10007","1989"," 3.743740e+04",2.22059414827253
"141","10007","1990","-6.575565e-01",-0.931506856387578
"142","10007","1990"," 5.940000e-02",-0.931506856387578
"143","10008","1986","-3.111079e-02",0.0256403441916226
"144","10008","1987"," 9.174047e-02",-0.299999282220075
"145","10008","1988","-2.293643e-01",1.64286224838417
"146","10009","1986","-5.454608e-02",0.0484607685386478
"147","10009","1987","-1.032880e-01",-0.420072178886025
"148","10009","1988","-4.463645e-01",0.674127705972296
"149","10009","1989"," 9.669000e+03",-0.322409025394698
"150","10009","1990"," 5.172432e-02",-0.0164694447798663
"151","10009","1990","-3.278535e-01",-0.0164694447798663
"152","10009","1992","-6.541160e-02",0.608591298348694
"153","10009","1993"," 1.997201e-01",0.476568368292569
"154","10009","1994"," 8.460973e+03",-0.00442768951063266
"155","10009","1995"," 1.079224e+04",0.656052917381796
"156","10009","1996"," 1.250931e+04",0.274223055467854
"157","10009","1997"," 3.181040e+04",0.538623605494667
"158","10009","1998"," 3.580106e+04",-0.169555499510394
"159","10009","1999"," 4.494396e+04",-0.281361948094172
"160","10009","2000"," 4.843412e+04",1.27725881793081
"161","10009","2001"," 4.788374e+04",NA
"162","10010","1986"," 7.352995e-02",-0.499999888237788
"163","10010","1987","-5.342503e-01",0.65000137864647
"164","10010","1988","-1.232992e-01",0.090909108918013
"165","10010","1989"," 1.362792e+04",0.194444245431521
"166","10010","1990"," 6.980000e-02",2.62790530303679
"167","10010","1990"," 2.054688e-01",2.62790530303679
"168","10010","1992"," 2.120000e+00",-0.159293039795131
"169","10010","1993"," 3.670000e+00",-0.415379224827933
"170","10010","1994"," 7.568991e+04",-0.0222222713823728
"171","10010","1995"," 7.377251e+04",0.637501456852898
"172","10010","1996"," 7.338869e+04",NA
"173","10011","1988"," 1.063780e-02",-0.601064715926294
"174","10011","1989"," 2.716992e+04",-0.026665844053929
"175","10011","1990","-6.197932e-01",0.479453328265638
"176","10011","1992"," 5.890414e-01",0.370371193783397
"177","10011","1993"," 7.260279e-01",0.540540003412825
"178","10011","1994"," 2.026667e+04",1.28070247969543
"179","10011","1995"," 2.231940e+04",-0.276922288068829
"180","10011","1996"," 2.905055e+04",-0.212766969535769
"181","10011","1997"," 1.019196e+05",0.256755526918856
"182","10011","1998"," 9.790785e+04",0.0268820000000001
"183","10011","1999"," 8.894965e+04",NA
"184","10012","1986"," 2.500000e-02",-0.489796216752766
"185","10012","1987","-3.902433e-01",-0.635999792064505
"186","10012","1988","-8.292680e-01",0.269229134125686
"187","10012","1989"," 1.006642e+04",-0.212120398957805
"188","10012","1990","-8.292692e-01",-0.538461492456853
"189","10012","1990","-3.846200e-02",-0.538461492456853
"190","10012","1992","-5.384632e-01",2.66667278765012
"191","10012","1993","-6.538466e-01",1.48484576890144
"192","10012","1994"," 4.933497e+03",-0.121951947762798
"193","10012","1995"," 9.969408e+03",1.91666485360217
"194","10012","1996"," 1.332503e+04",-0.804762152948395
"195","10012","1997"," 1.012901e+05",2.60975031154621
"196","10012","1998"," 6.932079e+04",-0.804053597041237
"197","10012","1999"," 5.822364e+04",7.86206757672525
"198","10012","2000"," 5.014767e+04",-0.750972879043165
"199","10012","2001"," 5.274200e+04",0.559999698730196
"200","10012","2002"," 3.749996e-01",-0.557691873199797
"201","10012","2003"," 1.818128e-01",0.195653192772385
"202","10012","2004"," 4.920078e+04",-0.375757710736376
"203","10012","2005"," 1.818129e-02",-0.83495117783653
"204","10012","2006","-4.912263e-01",NA
"205","10013","1986","-3.333395e-02",-0.793103074806581
"206","10013","1987","-7.931036e-01",NA
"207","10014","1926"," 8.666653e-01",-0.222223108450041
"208","10014","1927"," 7.499987e-01",-0.238095189793421
"209","10014","1928"," 6.428586e-01",7.25001322533845
"210","10014","1929"," 4.785736e+00",-0.0303033535580466
"211","10014","1930"," 4.428581e+00",-0.0937503351507307
"212","10014","1931"," 4.285715e+00",1.04863456299925
"213","10014","1932"," 7.817230e+00",-0.0634437011739309
"214","10014","1933"," 8.239830e+00",0.809134861256404
"215","10014","1934"," 1.427178e+01",-0.104286250164382
"216","10014","1935"," 1.282130e+01",-0.122480906417133
"217","10014","1936"," 5.266688e-02",0.0305157988842963
"218","10014","1937","-2.041725e-02",-0.154103450490396
"219","10014","1938","-1.506365e-01",-0.0148217976412561
"220","10014","1939","-1.590342e-01",-0.305410227459931
"221","10014","1940","-4.054917e-01",-0.189775874167668
"222","10014","1941","-5.146126e-01",-0.617243644858279
"223","10014","1942","-7.916873e-01",1.15384220170381
"224","10014","1943","-6.111543e-01",0.714283684330339
"225","10014","1944","-3.334072e-01",0.0625000392245612
"226","10014","1945","-3.056334e-01",0.352940817097867
"227","10014","1946"," 7.246356e-02",-0.376811367099059
"228","10014","1947","-4.459456e-01",-0.325581528794765
"229","10014","1948","-5.810806e-01",-0.20689629988132
"230","10014","1949","-6.756756e-01",0.0869557525083924
"231","10014","1950","-6.621619e-01",-0.159999954767442
"232","10014","1951","-7.027041e-01",4.21807455186496e-07
"233","10014","1952","-7.027047e-01",0.0476216465451449
"234","10014","1953","-6.891905e-01",-0.272727878749487
"235","10014","1954","-7.702726e-01",0.625001768930252
"236","10014","1955","-5.810887e-01",-0.0769220065686322
"237","10014","1956"," 8.333394e-02",-0.1250019805751
"238","10014","1957","-1.851860e-01",-0.190476682156012
"239","10014","1958","-3.518572e-01",0.882354984776454
"240","10014","1959"," 1.851779e-01",0.124999940568997
"241","10014","1960"," 4.073992e-01",-0.111111614845503
"242","10014","1961"," 1.851792e-01",0.187499213217033
"243","10014","1962"," 3.703597e-01",-0.198684286594253
"244","10014","1963"," 1.277671e-01",-0.206896891540458
"245","10014","1964","-6.667679e-02",-0.130434930916074
"246","10014","1965","-2.222336e-01",0.29999843308339
"247","10014","1966"," 3.850000e-02",0.0769209420475923
"248","10014","1967"," 7.140000e-02",1.85714003057605
"249","10014","1968"," 2.140000e+00",0.575000005265782
"250","10014","1969"," 3.390000e+00",-0.547619239276904
"251","10014","1970"," 1.320000e+00",-0.438595926636859
"252","10014","1971"," 1.070000e-01",0.0624999188489337
"253","10014","1972"," 2.140000e-01",-0.176470835407307
"254","10014","1973","-3.940000e-06",-0.464284987375645
"255","10014","1974","-3.570000e-01",-0.400000638465489
"256","10014","1975","-7.140000e-01",0.66666622309741
"257","10014","1976"," 1.333332e-01",1.40000020801188
"258","10014","1977"," 1.117656e+00",0.0555553189151576
"259","10015","1983","-5.714300e-02",0.1999999153846
"260","10015","1984"," 1.428565e-01",-0.491666838581267
"261","10015","1985","-4.095262e-01",1.65573708160605
"262","10015","1986","-2.469167e-02",0.481480418594044
"263","10016","1986"," 3.360000e-02",0.42471586886279
"264","10016","1987"," 4.150000e-01",0.00440102361625128
"265","10016","1988"," 4.810000e-01",0.406526192306288
"266","10016","1989"," 2.865188e+05",-0.107615751441379
"267","10016","1990"," 1.538492e-02",-0.347483901470536
"268","10016","1990"," 8.080000e-01",-0.347483901470536
"269","10016","1992","-3.464863e-01",0.299971030028337
"270","10016","1993","-3.366748e-01",-0.165568882154925
"271","10016","1994"," 2.400594e+05",-0.550458337522067
"272","10016","1995"," 2.370381e+05",0.693876204274732
"273","10016","1996"," 2.158898e+05",0.156627320677702
"274","10016","1997"," 1.590341e+05",0.0937487773455634
"275","10016","1998"," 1.761548e+05",0.259522630623876
"276","10016","1999"," 1.778549e+05",0.141776492513209
"277","10016","2000"," 1.817506e+05",0.185430651172583
"278","10016","2001"," 2.154849e+05",0.0502788078598144
"279","10016","2002"," 4.190000e-02",NA
"280","10017","1986","-3.428566e-02",-0.230768827145375
"281","10017","1987","-2.397709e-01",0.0461535173981145
"282","10017","1988","-2.046877e-01",0.139705236045339
"283","10018","1986"," 1.492500e-02",-0.720588287411706
"284","10018","1987","-7.164177e-01",-0.763157548743879
"285","10018","1988","-9.402984e-01",-0.388889009599383
"286","10018","1989"," 2.784722e+03",0.636363129186192
"287","10018","1990"," 2.222225e-01",1.50000157743168
"288","10018","1990","-9.216417e-01",1.50000157743168
"289","10018","1992"," 1.045455e+00",0.706665793314268
"290","10018","1993"," 2.409104e+00",-0.562499790364603
"291","10018","1994"," 2.730000e+03",0.142857193485641
"292","10018","1995"," 4.220000e+03",-0.87499996666669
"293","10018","1996"," 4.550000e+03",NA
"294","10019","1986","-6.680000e-07",-0.156757023650972
"295","10019","1987","-1.160000e-01",-0.247115686316994
"296","10019","1988","-3.730000e-01",0.545245961353644
"297","10019","1989"," 5.879810e+04",0.250001921952534
"298","10019","1990"," 1.818209e-02",-0.527271893396154
"299","10019","1990"," 2.540000e-01",-0.527271893396154
"300","10019","1992","-5.438608e-01",0.367345279286807
"301","10019","1993","-5.701774e-01",-0.0746274070460042
"302","10019","1994"," 4.353035e+04",0.225807043661384
"303","10019","1995"," 4.354836e+04",-0.0263163918180195
"304","10019","1996"," 4.335552e+04",0.702703336441853
"305","10019","1997"," 5.171040e+04",0.481579919240359
"306","10019","1998"," 7.520328e+04",-0.701613161387533
"307","10019","1999"," 9.693605e+04",1.17567118528181
"308","10019","2000"," 1.046697e+05",-0.652173407411873
"309","10019","2001"," 9.183834e+04",-0.64285737914364
"310","10019","2002","-2.500005e-01",0.0720007881033142
"311","10019","2003","-6.347828e-01",NA
"312","10020","1986"," 1.206901e-01",0.467985036135369
"313","10020","1987"," 2.613458e-01",0.246956904265557
"314","10020","1988"," 5.142033e-01",-0.17096738071798
"315","10020","1989"," 2.802410e+05",-0.0480413737396506
"316","10020","1990"," 2.297096e-01",-0.123216617327181
"317","10020","1990","-1.851982e-02",-0.123216617327181
"318","10020","1992","-1.042530e-01",0.621788461886249
"319","10020","1993"," 2.264595e-01",0.050984970393861
"320","10020","1994"," 3.398140e+05",NA
"321","10021","1987","-2.982448e-01",-0.425000312847336
"322","10021","1988","-5.964907e-01",0.0869559917456064
"323","10021","1989"," 6.161250e+03",-0.439999379055699
"324","10021","1990"," 7.142900e-02",-0.571428318640857
"325","10021","1990","-7.543865e-01",-0.571428318640857
"326","10021","1992","-5.999996e-01",-0.366666884911162
"327","10021","1993","-5.999997e-01",-0.53947346038196
"328","10021","1994"," 1.626233e+03",9.74285672454882
"329","10021","1995"," 2.041723e+03",-0.617021549474487
"330","10021","1996"," 2.709439e+03",NA
"331","10022","1926"," 1.089287e+00",0.0204574797664772
"332","10022","1927"," 9.452163e-01",0.322848690552578
"333","10022","1928"," 1.117839e+00",0.326337778811458
"334","10022","1929"," 1.423587e+00",-0.138477354951578
"335","10022","1930"," 1.291047e+00",0.0765132635336141
"336","10022","1931"," 1.400038e+00",-0.538151940192763
"337","10022","1932"," 6.237567e-01",0.127338923449248
"338","10022","1933"," 6.856120e-01",0.894645233886474
"339","10022","1934"," 1.334653e+00",0.84933854120393
"340","10022","1935"," 2.445908e+00",0.302672547813566
"341","10022","1936","-1.098945e-02",0.134512242690177
"342","10022","1937"," 1.888842e-01",-0.484249016116806
"343","10022","1938","-3.509499e-01",0.0487089343152842
"344","10022","1939","-3.689862e-01",-0.183240477527253
"345","10022","1940","-4.816479e-01",-0.410744548509206
"346","10022","1941","-6.762337e-01",-0.175044302386769
"347","10022","1942","-7.287815e-01",1.26796318174314
"348","10022","1943","-4.571005e-01",0.604932988641111
"349","10022","1944","-7.846634e-02",0.451411101614108
"350","10022","1945"," 2.778005e-01",1.14390474774486
"351","10022","1946"," 2.383664e-02",0.278083770285259
"352","10022","1947"," 2.461587e-01",-0.205228497595354
"353","10022","1948"," 3.421519e-02",-0.360505597733748
"354","10022","1949","-3.431554e-01",0.317374969404013
"355","10022","1950","-1.546704e-01",0.0156252474778253
"356","10022","1951","-1.120639e-01",-0.0189717252705313
"357","10022","1952","-1.685647e-01",-0.0874867071153078
"358","10022","1953","-2.578326e-01",0.139931805856161
"359","10022","1954","-1.220723e-01",0.458593600861495
"360","10022","1955"," 3.288758e-01",-0.113117530773939
"361","10022","1956","-4.960000e-07",-0.162562834954357
"362","10022","1957","-1.730000e-01",0.209811877762552
"363","10022","1958","-1.070000e-02",0.551258295381988
"364","10022","1959"," 6.340000e-01",0.377849365530645
"365","10022","1960"," 1.060000e+00",0.036695698912641
"366","10023","1972","-2.127700e-02",NA
"367","10024","1986"," 9.999969e-02",0.121951553035144
"368","10024","1987"," 4.545446e-02",-0.543478070917434
"369","10024","1988","-5.000008e-01",-0.285714119761404
"370","10024","1989"," 1.317784e+04",-0.499999772226867
"371","10024","1990","-8.295459e-01",-0.666667019993416
"372","10024","1990","-3.333300e-02",-0.666667019993416
"373","10024","1992","-6.666661e-01",-0.416666158249014
"374","10024","1993","-5.999995e-01",NA
"375","10025","1986"," 7.920777e-02",-0.390476318587977
"376","10025","1987","-3.761434e-01",0.031250370339464
"377","10025","1988","-3.944934e-01",0.545455335837722
"378","10025","1989"," 2.987255e+04",0.749999505996598
"379","10025","1990"," 1.092438e-01",-0.470587726502864
"380","10025","1990"," 6.513676e-01",-0.470587726502864
"381","10025","1992","-5.000013e-01",-0.10714137336104
"382","10025","1993","-1.406253e-01",0.466366057807737
"383","10025","1994"," 5.643661e+04",0.517134328433825
"384","10025","1995"," 6.101941e+04",0.150530258192119
"385","10025","1996"," 7.221123e+04",1.49999887110969
"386","10025","1997"," 1.091936e+05",-0.438637176000102
"387","10025","1998"," 1.841645e+05",-0.295546089211003
"388","10025","1999"," 2.332564e+05",0.183907482503174
"389","10025","2000"," 2.213499e+05",0.73543686758457
"390","10025","2001"," 2.221612e+05",-0.463833017467369
"391","10025","2002","-2.798040e-03",-0.454506685895065
"392","10025","2003","-4.659161e-01",-0.254858939653553
"393","10025","2004"," 2.451055e+05",0.51452748398919
"394","10025","2005"," 1.130000e-03",0.694914398417631
"395","10025","2006"," 4.890000e-01",1.13240001126598
"396","10025","2007"," 1.305207e+05",-0.399551514112244
"397","10025","2008"," 3.930000e+00",-0.450796964545808
"398","10025","2009"," 2.138741e+05",1.17747436654493
"399","10025","2010"," 1.523294e+05",-0.322099431016385
"400","10025","2011"," 1.701319e+05",0.0847783787243792
"401","10025","2012"," 1.742657e+05",1.10408576883163
"402","10025","2013"," 1.562893e+05",-0.108052452034367
"403","10025","2014"," 2.469318e+05",0.100700043579931
"404","10025","2015"," 8.440000e-01",0.326743160699011
"405","10025","2016"," 2.824262e+05",0.523607269936083
"406","10026","1986","-1.418544e-02",-0.220000654929347
"407","10026","1987","-1.549295e-01",0.487181313861582
"408","10026","1988"," 2.253565e-01",0.568966628191658
"409","10026","1989"," 4.875020e+04",0.087912544841263
"410","10026","1990"," 9.859243e-01",-0.363635978824163
"411","10026","1990"," 3.030265e-02",-0.363635978824163
"412","10026","1992","-3.823594e-01",-0.36842070137258
"413","10026","1993"," 1.078333e-01",1.29166872362313
"414","10026","1994"," 9.916702e+04",-0.436363958699362
"415","10026","1995"," 1.130104e+05",-0.0537635888504683
"416","10026","1996"," 1.190253e+05",0.227272662933723
"417","10026","1997"," 1.045160e+05",0.212960931624776
"418","10026","1998"," 1.043832e+05",0.366412386586049
"419","10026","1999"," 1.168199e+05",-0.0837984371027144
"420","10026","2000"," 1.341068e+05",-0.179877978880341
"421","10026","2001"," 1.484594e+05",0.45427707661164
"422","10026","2002"," 7.430000e-03",0.460533929907742
"423","10026","2003"," 5.100000e-01",0.0574089393846946
"424","10026","2004"," 2.486724e+05",0.301772082175993
"425","10026","2005"," 3.280000e-02",0.223559074488823
"426","10026","2006"," 2.250000e-01",0.406242753220254
"427","10026","2007"," 4.285895e+05",-0.237010149919167
"428","10026","2008"," 1.150000e+00",0.161103037721484
"429","10026","2009"," 5.459578e+05",0.125422281484275
"430","10026","2010"," 5.471878e+05",0.219355130741946
"431","10026","2011"," 6.251912e+05",0.115274609366267
"432","10026","2012"," 6.839659e+05",0.210375565724327
"433","10026","2013"," 9.812480e+05",0.400294462778987
"434","10026","2014"," 1.051984e+06",0.244405562294745
"435","10026","2015"," 6.879834e-01",0.0867912090004315
"436","10026","2016"," 1.432599e+06",0.158931382021662
"437","10027","1986","-6.180000e-07",-0.274726418302622
"438","10027","1987","-1.380000e-01",-0.545454131458185
"439","10027","1988","-6.550000e-01",0.0999997617862076
"440","10027","1989"," 1.537133e+04",1.22727203030779
"441","10027","1990","-1.550000e-01",0.102041
"442","10027","1990","-2.040000e-02",0.102041
"443","10028","1986"," 2.777781e-01",-0.555555657224356
"444","10028","1987","-6.521739e-01",0.0625011012051129
"445","10028","1988","-6.739127e-01",-0.588234539769549
"446","10028","1989"," 1.255921e+04",-0.702380761238793
"447","10028","1990"," 2.000000e-01",-0.439999608978514
"448","10028","1990","-9.547101e-01",-0.439999608978514
"449","10028","1992","-4.814806e-01",-0.421052303564649
"450","10028","1993"," 4.629651e+00",0.772728511633936
"451","10028","1994"," 4.885406e+03",-0.076923430637735
"452","10028","1995"," 6.013039e+03",-0.444444289748179
"453","10028","1996"," 7.472637e+03",-0.150001222557483
"454","10028","1997"," 8.162000e+03",1.58823628830847
"455","10028","1998"," 7.640136e+03",0.386363910277857
"456","10028","1999"," 8.148861e+03",0.573771597766054
"457","10028","2000"," 9.246051e+03",0.416666295202214
"458","10028","2001"," 1.100366e+04",-0.600000113256368
"459","10028","2002","-9.140000e-07",-0.686765151345053
"460","10028","2003","-6.030000e-01",1.20657360457154
"461","10028","2004"," 1.807906e+04",0.200000063492491
"462","10028","2005"," 4.680834e-02",-0.29432621274943
"463","10028","2006"," 2.208756e-01",0.276381855904519
"464","10028","2007"," 1.296454e+04",1.0669262668922
"465","10028","2008"," 7.228515e-02",-0.676190787877779
"466","10028","2009"," 4.977225e+04",-0.170587582259494
"467","10028","2010"," 3.267489e+04",2.03546081694575
"468","10028","2011"," 2.218176e+04",0.745328777060882
"469","10028","2012"," 2.442347e+04",-0.273092926341086
"470","10028","2013"," 8.172648e+04",-0.589318398097579
"471","10028","2014"," 7.753135e+04",-0.452914743779715
"472","10028","2015","-6.582620e-01",-0.729508615864085
"473","10028","2016"," 4.137583e+04",2.75757647450662
"474","10029","1986","-1.162900e-02",-0.326316722177546
"475","10029","1987","-1.954020e-01",-0.343749366313336
"476","10029","1988","-4.942543e-01",1.25562212272001e-06
"477","10029","1989"," 2.334342e+04",-0.0952398170182375
"478","10029","1990","-5.632171e-01",0.289473305522839
"479","10029","1990"," 1.315800e-02",0.289473305522839
"480","10030","1926"," 1.106667e+00",-0.0399568462625539
"481","10030","1927"," 8.508028e-01",0.412661146875545
"482","10030","1928"," 1.169510e+00",0.150541607075185
"483","10030","1929"," 1.336556e+00",0.0217272197420852
"484","10030","1930"," 1.363658e+00",-0.256825095769019
"485","10030","1931"," 1.029178e+00",-0.519044060258656
"486","10030","1932"," 5.680197e-01",-0.246484135843349
"487","10030","1933"," 3.704805e-01",2.01856811417096
"488","10030","1934"," 1.117023e+00",0.0130527102922067
"489","10030","1935"," 1.144783e+00",0.224425944482199
"490","10030","1936"," 1.558831e-01",0.83751252163243
"491","10030","1937"," 4.788410e-01",-0.408061537400071
"492","10030","1938","-6.401607e-03",0.25013760645798
"493","10030","1939"," 2.293862e-01",-0.111534257031478
"494","10030","1940"," 1.002375e-01",-0.0918796668314404
"495","10030","1941","-2.364867e-02",-0.178207351402246
"496","10030","1942","-1.897125e-01",0.0750724380894527
"497","10030","1943","-1.798027e-01",0.693255098997161
"498","10030","1944"," 2.132482e-01",0.178184141790168
"499","10030","1945"," 4.719138e-01",0.311847874904916
"500","10030","1946"," 4.717746e-03",-0.245698321023711
"501","10030","1947","-8.194134e-02",-0.0295974898737305
"502","10030","1948","-9.346266e-02",-0.16868781621744
"503","10030","1949","-2.379308e-01",0.118340312965242
"504","10030","1950","-1.698998e-01",0.877148050831578
"505","10030","1951"," 2.097564e-01",0.181160345374849
"506","10030","1952"," 3.288831e-01",0.0222491758517787
"507","10030","1953"," 3.317854e-01",-0.0177028152440448
"508","10030","1954"," 3.440000e-01",0.0744249104200501
"509","10030","1955"," 4.120499e-01",0.221080567536045
"510","10030","1956","-3.067502e-03",0.237105367970657
"511","10030","1957"," 1.593742e-01",-0.278014111922407
"512","10030","1958","-1.718297e-02",0.586191043190209
"513","10030","1959"," 3.449833e-01",0.158624101593335
"514","10030","1960"," 5.484713e-01",-0.185809199651294
"515","10030","1961"," 2.707249e-01",0.289554285614215
"516","10030","1962"," 6.381685e-01",0.0964515641427302
"517","10030","1963"," 7.717629e-01",0.109622956099559
"518","10030","1964"," 9.262279e-01",0.193187031694219
"519","10030","1965"," 1.324739e+00",0.101073860280583
"520","10030","1966"," 1.060009e-01",-0.0442370972044872
"521","10030","1967","-1.565098e-01",0.0651341203080456
"522","10030","1968","-1.023810e-01",0.708889819681542
"523","10031","1983","-2.040816e-02",NA
"524","10031","1984","-1.224489e-01",-0.441859824003206
"525","10031","1985","-5.000017e-01",0.562498989230375
"526","10031","1986"," 1.333300e-02",-0.0400007847589257
"527","10031","1987","-5.263337e-02",-0.3055553432904
"528","10031","1988","-3.421065e-01",-0.35999980000006
"529","10031","1989"," 1.133199e+04",-0.4375
"530","10032","1986","-1.863380e-02",-0.437908604808163
"531","10032","1987","-4.394912e-01",-0.441860892801811
"532","10032","1988","-6.305749e-01",0.499997909701484
"533","10032","1989"," 2.510119e+04",0.500000994338139
"534","10032","1990"," 3.703708e-02",-0.333332476962738
"535","10032","1990","-3.630549e-01",-0.333332476962738
"536","10032","1992","-3.303584e-01",0.184210921366851
"537","10032","1993"," 1.642860e+00",0.0166679992952761
"538","10032","1994"," 5.319809e+04",-0.442622346805309
"539","10032","1995"," 6.292317e+04",0.95588054690982
"540","10032","1996"," 6.696181e+04",0.00751989293911337
"541","10032","1997"," 1.016311e+05",0.776119365118358
"542","10032","1998"," 9.420297e+04",1.27731262714497
"543","10032","1999"," 1.971618e+05",0.298891666279297
"544","10032","2000"," 2.410959e+05",0.38139346615053
"545","10032","2001"," 3.003267e+05",-0.126044951935923
"546","10032","2002","-1.491052e-02",-0.669427218431666
"547","10032","2003","-2.008746e-01",0.9555828864915
"548","10032","2004"," 1.023092e+06",-0.242282081233632
"549","10032","2005"," 7.105499e-02",0.747887206568652
"550","10032","2006","-3.237482e-01",0.0501332614121173
"551","10032","2007"," 6.356746e+05",0.0996624469562655
"552","10032","2008"," 3.603956e-01",-0.35453140600465
"553","10032","2009"," 1.105735e+06",0.680233948325151
"554","10032","2010"," 9.785073e+05",0.0863774119307792
"555","10032","2011"," 9.144190e+05",-0.115060152197742
"556","10032","2012"," 1.030959e+06",-0.0577081666806389
"557","10032","2013"," 1.031608e+06",0.677906734230691
"558","10032","2014"," 1.059771e+06",-0.0480470335659536
"559","10032","2015"," 3.654492e-01",-0.152632742935115
"560","10032","2016"," 1.173729e+06",0.547538117877436
"561","10033","1986"," 4.690000e-02",0.0840856403438219
"562","10034","1986"," 1.714201e-02",-0.256198844617808
"563","10034","1987","-2.444439e-01",-0.12592608867619
"564","10034","1988","-3.333313e-01",0.755125238447583
"565","10034","1989"," 5.661362e+04",-0.0954770067229535
"566","10034","1990"," 3.370875e-02",-0.0851491112410921
"567","10034","1990"," 1.358102e-01",-0.0851491112410921
"568","10034","1992","-8.195330e-02",NA
"569","10035","1986","-1.652837e-02",-0.699187128228233
"570","10035","1987","-7.016112e-01",-0.283783644230233
"571","10035","1988","-7.822569e-01",2.05660407937493
"572","10035","1989"," 2.892059e+04",0.197530719042299
"573","10035","1990","-2.258024e-01",0.463915649166428
"574","10035","1990"," 1.649493e-01",0.463915649166428
"575","10035","1992"," 2.660492e-01",-0.23893834316941
"576","10035","1993"," 9.999828e-01",0.209301324250462
"577","10035","1994"," 1.731843e+05",-0.0865394532101756
"578","10035","1995"," 1.720205e+05",-0.242105270824513
"579","10035","1996"," 1.749581e+05",-0.277778637105293
"580","10035","1997"," 1.205314e+05",0.173078384309153
"581","10035","1998"," 1.139039e+05",-0.15573673876118
"582","10035","1999"," 1.033050e+05",0.446602764830782
"583","10035","2000"," 1.090831e+05",-0.677852047813236
"584","10035","2001"," 1.047391e+05",0.326665137647128
"585","10035","2002"," 9.375074e-02",-0.535176395456624
"586","10035","2003"," 1.864215e-01",0.108106603860214
"587","10035","2004"," 7.879930e+04",NA
"588","10036","1986"," 3.703700e-02",-0.584906073664787
"589","10036","1987","-6.071437e-01",-0.522726594059745
"590","10036","1988","-8.125010e-01",-0.857142658786762
"591","10036","1989"," 7.747905e+03",-4.99999937342288e-07
"592","10036","1990","-9.732145e-01",0.666667
"593","10036","1992"," 6.666670e-01",NA
"594","10037","1986"," 6.666700e-02",-0.328358831973981
"595","10037","1987","-2.666647e-01",-0.422222122596594
"596","10037","1988","-5.666659e-01",0.0769226841879049
"597","10037","1989"," 8.777060e+03",-0.0357150026329598
"598","10037","1990","-5.416661e-01",-0.592592911850645
"599","10037","1990"," 5.750000e-07",-0.592592911850645
"600","10037","1992","-5.560000e-01",0.268147330968951
"601","10037","1993"," 7.410000e-02",0.137848501105345
"602","10037","1994"," 6.342564e+03",0.22609839844451
"603","10037","1995"," 7.542377e+03",0.60463562341302
"604","10037","1996"," 9.104080e+03",-0.0307987708445829
"605","10037","1997"," 4.028988e+04",0.635543357060213
"606","10037","1998"," 3.641507e+04",-0.356014696217366
"607","10037","1999"," 4.258144e+04",-0.0940586822112672
"608","10037","2000"," 4.503306e+04",0.254854144931691
"609","10037","2001"," 4.226009e+04",0.543168281783936
"610","10037","2002","-1.075325e-02",0.0547186286038008
"611","10037","2003"," 5.347831e-01",0.202432591496229
"612","10037","2004"," 5.906685e+04",-0.0612904176285556
"613","10037","2005","-1.856123e-02",NA
"614","10038","1986","-1.710000e-02",0.0442471392195811
"615","10038","1987","-7.480000e-09",-0.135593948958334
"616","10038","1988","-1.380000e-01",-0.333333484971972
"617","10038","1989"," 1.727390e+04",-0.499999958491699
"618","10038","1990","-6.900000e-01",-0.205882075476283
"619","10038","1990"," 5.882400e-02",-0.205882075476283
"620","10038","1992","-2.499995e-01",NA
"621","10039","1986","-1.250000e-02",-0.112358924320931
"622","10039","1987","-6.410000e-02",-0.721519218825373
"623","10039","1988","-7.050000e-01",0.0454535205424023
"624","10039","1989"," 3.373265e+03",-0.108694997615668
"625","10039","1990"," 2.440000e-02",-0.0243893555294762
"626","10039","1990","-7.370000e-01",-0.0243893555294762
"627","10039","1992","-4.760000e-02",0.217392291862895
"628","10039","1993"," 1.600288e+03",3.14285478205416
"629","10039","1994"," 3.330000e-01",-0.551723496379868
"630","10039","1995"," 3.760000e+00",-0.0769236854296536
"631","10039","1996"," 1.290000e+00",0.177082638828148
"632","10039","1997"," 6.484500e+03",0.415929134876757
"633","10039","1998"," 7.252868e+03",0.800001939275327
"634","10039","1999"," 8.713899e+03",2.00000059184771
"635","10039","2000"," 1.188070e+04",-0.25925993860281
"636","10039","2001"," 2.193355e+04",-0.934999948717809
"637","10039","2002","-4.375001e-02",NA
"638","10040","1986","-5.434792e-02",0.212605738352455
"639","10040","1987"," 2.176285e-01",-0.77387271657754
"640","10040","1988","-6.989278e-01",-0.318180789772539
"641","10040","1989"," 3.126653e+03",-0.199999825740088
"642","10041","1986","-2.272853e-02",-0.55813917413537
"643","10041","1987","-5.465102e-01",-0.657894931832545
"644","10041","1988","-8.488370e-01",-8.65462451704602e-08
"645","10041","1989"," 4.278246e+03",-0.6153844230769
"646","10041","1990"," 3.255175e+03",NA
"647","10042","1986"," 2.857234e-02",-0.281249022388835
"648","10042","1987","-3.611111e-01",-0.282609413787778
"649","10042","1988","-5.138904e-01",1.06060473947168
"650","10042","1989"," 1.117523e+04",0.250000151751259
"651","10042","1990","-2.920000e-07",-0.505883055696364
"652","10042","1990"," 1.319127e+04",-0.505883055696364
"653","10042","1992","-5.530000e-01",-0.404256206451319
"654","10042","1993"," 3.797849e+04",1.32142735513209
"655","10042","1994","-3.410000e-01",-0.615384187547348
"656","10042","1995"," 6.240000e-01",0.560000488315829
"657","10042","1996","-4.120000e-01",0.07692371136403
"658","10042","1997"," 6.770662e+04",-0.571428969898917
"659","10042","1998"," 9.424862e+04",-0.777777555177269
"660","10042","1999"," 9.444297e+04",0.2499994999998
"661","10042","2000"," 7.658663e+04",-0.200000413352144
"662","10042","2001"," 6.271674e+04",0.0300001710046376
"663","10042","2002","-5.000000e-07",0.0873796153602895
"664","10042","2003"," 1.372957e+04",2.38392889175958
"665","10042","2004"," 1.199915e-01",-0.662268967633348
"666","10042","2005"," 4.749330e-02",-0.429687173630359
"667","10042","2006"," 9.642879e+04",0.150684184600683
"668","10042","2007","-8.015081e-01",-0.547619546707504
"669","10042","2008"," 5.684519e+04",0.184211049745
"670","10042","2009"," 2.283716e+04",NA
"671","10043","1986","-8.139529e-02",0.0336185319968911
"672","10043","1987"," 9.531623e-02",0.239272505488808
"673","10043","1988"," 3.518071e-01",0.102525153546265
"674","10043","1989"," 2.549017e+04",-0.11831316964668
"675","10043","1990"," 2.673434e+04",-0.211910098229015
"676","10043","1990","-3.883507e-02",-0.211910098229015
"677","10043","1992","-2.068336e-01",0.310203551270869
"678","10043","1993"," 2.250090e+04",0.621406748043938
"679","10043","1994","-8.616626e-02",-0.119221299683257
"680","10043","1995"," 5.494859e-01",-0.0532883855396927
"681","10043","1996"," 2.728803e-01",0.0301626267859327
"682","10043","1997"," 3.376310e+04",0.980489648825736
"683","10043","1998"," 3.305201e+04",0.077084831554239
"684","10043","1999"," 3.810618e+04",0.27500003888075
"685","10043","2000"," 4.775956e+04",NA
"686","10044","1986"," 1.960725e-02",-0.301886453683541
"687","10044","1987","-2.692329e-01",-0.540541109555942
"688","10044","1988","-6.730787e-01",-0.0981306214937191
"689","10044","1989"," 4.652912e+03",0.826086886994367
"690","10044","1990"," 4.447246e+03",-0.297620129470842
"691","10044","1990"," 3.571493e-02",-0.297620129470842
"692","10044","1992","-3.023262e-01",0.113923535386712
"693","10044","1993"," 5.751004e+03",1.40909023675974
"694","10044","1994"," 2.325991e-02",0.0188678472188462
"695","10044","1995"," 1.558126e+00",-0.111109877428614
"696","10044","1996"," 1.558134e+00",-0.520832744023551
"697","10044","1997"," 3.654831e+04",-0.0434786064184582
"698","10044","1998"," 2.382155e+04",-0.0454550711944913
"699","10044","1999"," 1.888709e+04",2.01913524566777e-07
"700","10044","2000"," 1.741324e+04",-0.345237884482021
"701","10044","2001"," 1.626794e+04",3.14545214980021
"702","10044","2002"," 1.820000e-02",-0.239392357779008
"703","10044","2003"," 1.577586e+04",0.591163662636108
"704","10044","2004"," 1.980000e+00",0.937742562713317
"705","10044","2005","-6.188669e-02",0.97166611081218
"706","10044","2006"," 4.855451e+04",-0.0759976077883108
"707","10044","2007"," 2.248948e+00",0.162360364014422
"708","10044","2008"," 7.917188e+04",-0.65064158407703
"709","10044","2009"," 9.913349e+04",0.606434682315018
"710","10044","2010"," 5.936034e+04",0.244344541352563
"711","10044","2011"," 5.213742e+04",-0.0767019800905235
"712","10044","2012"," 5.361475e+04",0.287608549994143
"713","10044","2013"," 5.335881e+04",0.137965726538458
"714","10044","2014"," 6.492705e+04",0.17126402794217
"715","10044","2015"," 4.338078e-01",-0.149071904780424
"716","10044","2016"," 7.213450e+04",-0.00702230284810335
"717","10045","1986"," 9.259315e-02",-0.534245879707571
"718","10045","1987","-4.237291e-01",-0.529412
"719","10046","1986"," 8.197000e-03",-0.596898805044855
"720","10046","1987","-5.447146e-01",-1.46687093915965e-07
"721","10046","1988","-5.772345e-01",0.692305711270186
"722","10046","1989"," 6.508239e+03",-0.0454542629358493
"723","10046","1990"," 6.174686e+03",-0.690475983045796
"724","10046","1990","-1.904762e-01",-0.690475983045796
"725","10046","1992","-6.176475e-01",0.35999983618765
"726","10046","1993"," 1.780610e+03",0.0588229043829127
"727","10046","1994","-5.147067e-01",-0.611110934505182
"728","10046","1995","-5.000052e-01",-0.14285728
"729","10046","1996","-7.941203e-01",NA
"730","10047","1986"," 1.779136e-01",-0.632652964306755
"731","10047","1987","-6.504830e-01",-0.416666450395553
"732","10047","1988","-7.961157e-01",-0.630951801401583
"733","10047","1989"," 2.112455e+04",0.741936614234592
"734","10047","1990"," 1.771168e+04",-0.592593020508732
"735","10047","1990","-1.111107e-01",-0.592593020508732
"736","10047","1992","-5.600009e-01",-0.688039636114632
"737","10047","1993"," 7.569891e+03",-0.695626508476224
"738","10047","1994","-7.946415e-01",-0.666666878345858
"739","10047","1995","-9.324788e-01",NA
"740","10047","1996","-9.763677e-01",NA
"741","10048","1986"," 2.050000e-02",0.218275183713773
"742","10048","1987"," 2.060000e-01",0.774998273950767
"743","10048","1988"," 1.140000e+00",0.0669015198984833
"744","10048","1989"," 8.806220e+04",0.54455514871634
"745","10048","1990","-4.807691e-02",-0.451922799023587
"746","10048","1990"," 1.813516e+05",-0.451922799023587
"747","10048","1992","-4.226787e-01",-0.178059997669551
"748","10048","1993"," 1.515814e+05",0.348459542690341
"749","10048","1994","-1.306042e-01",-0.347825909595691
"750","10048","1995"," 2.174885e-01",0.0666669711061396
"751","10048","1996","-1.698977e-01",-0.289062266418413
"752","10048","1997"," 2.326996e+05",0.714286512158139
"753","10048","1998"," 2.295708e+05",2.25321036702982
"754","10048","1999"," 2.099454e+05",0.438424450498136
"755","10048","2000"," 3.257784e+05",NA
"756","10049","1926"," 1.001711e+00",0.244561430356051
"757","10049","1927"," 1.270874e+00",0.738276147178335
"758","10049","1928"," 2.220688e+00",-0.398416274821555
"759","10049","1929"," 1.338445e+00",-0.131098385439146
"760","10049","1930"," 1.111308e+00",-0.73684211099624
"761","10049","1931"," 3.082471e-01",-0.759999668525306
"762","10049","1932"," 6.489364e-02",-0.0555555023958002
"763","10050","1973","-2.760000e-08",-0.413195235560173
"764","10050","1974","-4.600000e-01",-0.347226157400022
"765","10050","1975","-6.260000e-01",0.425711637621317
"766","10050","1976"," 7.407374e-02",0.462186635948979
"767","10050","1977"," 4.463720e-01",1.49671494404049
"768","10050","1978"," 2.053227e+00",-0.140318996067
"769","10051","1986","-5.000000e-07",0.261905398937489
"770","10051","1987"," 6.562539e-01",-0.698113202655311
"771","10051","1988","-4.062500e-01",1.30671624742895e-06
"772","10051","1989"," 3.108430e+03",-0.437498981037617
"773","10051","1990"," 4.949638e+03",1.88888747614766
"774","10051","1990"," 1.250000e-07",1.88888747614766
"775","10051","1992"," 2.130000e+00",-0.195121601413879
"776","10051","1993"," 2.430222e+04",-0.242424444862347
"777","10051","1994"," 3.120000e+00",-0.520000083825071
"778","10051","1995"," 2.120000e+00",-0.0833342141006626
"779","10051","1996"," 5.000000e-01",1.36363555070359
"780","10051","1997"," 2.487300e+04",0.980770600234297
"781","10051","1998"," 4.330455e+04",0.747572135021494
"782","10051","1999"," 7.333729e+04",-0.555555869288189
"783","10051","2000"," 1.315593e+05",-0.868749940672796
"784","10051","2001"," 1.624846e+05",3.57143181392881
"785","10051","2002","-4.761950e-02",1.19166480149693
"786","10051","2003"," 5.781652e+04",0.184028656363942
"787","10051","2004"," 9.285711e+00",-0.479769132834705
"788","10051","2005"," 7.710000e-03",-0.295061608589614
"789","10051","2006"," 2.468149e+05",0.318738642762163
"790","10051","2007","-6.320000e-01",0.4621518984934
"791","10051","2008"," 1.812885e+05",0.317894713319583
"792","10051","2009"," 2.357923e+05",-0.0468637253837727
"793","10051","2010"," 3.491602e+05",0.532176577166164
"794","10051","2011"," 3.878682e+05",-0.117981906638336
"795","10051","2012"," 4.437923e+05",0.463883504311551
"796","10051","2013"," 6.147297e+05",0.437862234792382
"797","10051","2014"," 8.215580e+05",-0.44331497580967
"798","10051","2015"," 1.102627e+00",-0.248858656150263
"799","10051","2016"," 9.883497e+05",-0.179939
"800","10052","1986"," 3.570000e-02",0.178572054134099
"801","10052","1987"," 2.220000e-01",-0.242425075372565
"802","10052","1988","-7.610000e-07",0.23999984
"803","10053","1986","-1.333330e-01",0.0576914891009435
"804","10053","1987","-7.407494e-02",-0.309091404434155
"805","10053","1988","-2.962967e-01",0.078950376335811
"806","10053","1989"," 3.842831e+03",-0.439024448392703
"807","10053","1990"," 3.746256e+03",NA
"808","10053","1990"," 4.400000e-07",NA
"809","10054","1986"," 1.250000e-01",-0.611110545899535
"810","10054","1987","-5.882346e-01",NA
"811","10055","1986"," 2.083327e-01",-0.833333394436202
"812","10055","1987","-8.064517e-01",-0.24999992500015
"813","10055","1988"," 1.566131e+04",0.666667087301382
"814","10055","1989","-8.387089e-01",-0.59999951999982
"815","10055","1990","-9.354832e-01",0.919998964452373
"816","10055","1992"," 9.199973e-01",-0.760000323674582
"817","10055","1993"," 4.106559e+04",-0.374998826363909
"818","10055","1994","-4.799999e-01",-0.833333307090251
"819","10055","1995","-7.000007e-01",-0.7999999
"820","10055","1996","-9.500002e-01",NA
"821","10056","1986","-7.048531e-02",-0.125183414870175
"822","10056","1987","-1.253234e-01",0.332718110168597
"823","10056","1988"," 9.307475e+04",-0.132364180701169
"824","10056","1989","-2.273389e-02",-0.320537428640711
"825","10056","1990","-3.221768e-01",-0.710235320784525
"826","10056","1990"," 3.448274e-02",-0.710235320784525
"827","10056","1992","-7.199507e-01",-0.0535717670238824
"828","10056","1993"," 1.586371e+04",0.283016861747287
"829","10056","1994","-5.332495e-01",0.0780501095593187
"830","10056","1995","-3.652222e-01",0.563638614746832
"831","10056","1996","-3.065791e-01",0.434118603419068
"832","10056","1997"," 3.129644e+04",0.366437385916158
"833","10056","1998"," 3.089634e+04",-0.0624726914885666
"834","10056","1999"," 3.764794e+04",0.131507869780147
"835","10056","2000"," 4.153037e+04",-0.154421717649564
"836","10056","2001"," 4.179731e+04",0.434828713010412
"837","10056","2002"," 8.880000e-02",0.398229830452257
"838","10056","2003"," 5.753994e+04",0.49397203377985
"839","10056","2004"," 8.750000e-01",0.111153070300143
"840","10056","2005"," 7.230000e-03",-0.0114329133699543
"841","10056","2006"," 1.207132e+05",0.384352005477649
"842","10056","2007"," 8.860000e-02",NA
"843","10057","1926"," 1.000001e+00",-0.499999899128377
"844","10057","1927"," 4.899978e-01",0.19387756747681
"845","10057","1928"," 5.800008e-01",3.20512590757408
"846","10057","1929"," 2.409999e+00",-0.300030512654222
"847","10057","1930"," 1.579077e+00",-0.620624438092943
"848","10057","1931"," 6.674503e-01",-0.623269039003033
"849","10057","1932"," 2.421868e-01",-0.0499998797179684
"850","10057","1933"," 1.695309e-01",0.894733841056222
"851","10057","1934"," 4.359367e-01",0.3333321120115
"852","10057","1935"," 6.539016e-01",1.43750269760418
"853","10057","1936"," 9.401776e-02",0.355581891147492
"854","10057","1937"," 2.248975e-01",-0.43529027175543
"855","10057","1938","-2.895299e-01",0.518988845401168
"856","10057","1939"," 5.400097e-02",0.0508465121822477
"857","10057","1940"," 1.232641e-01",0.612933120805242
"858","10057","1941"," 7.439834e-01",-0.184006519740801
"859","10057","1942"," 4.697833e-01",0.0362879252045594
"860","10057","1943"," 5.262854e-01",0.0158866541907645
"861","10057","1944"," 5.325979e-01",0.636664740934936
"862","10057","1945"," 1.494277e+00",0.821051071595223
"863","10057","1946"," 8.823369e-02",-0.0575825129886852
"864","10057","1947","-1.173996e-01",0.0245301030851026
"865","10057","1948","-7.652284e-02",-0.246563924415774
"866","10057","1949","-3.278786e-01",0.387783097264363
"867","10057","1950","-9.747247e-02",0.523769018965605
"868","10057","1951"," 4.362575e-01",0.102123892598158
"869","10057","1952"," 5.852288e-01",0.091229617081243
"870","10057","1953"," 7.458787e-01",0.000727534151688802
"871","10057","1954"," 7.169889e-01",0.816561378588059
"872","10057","1955"," 2.068895e+00",0.408348969589767
"873","10057","1956","-2.238679e-02",0.328781588867187
"874","10057","1957"," 2.610054e-01",-0.439126784129085
"875","10057","1958","-2.695239e-01",0.300231080800899
"876","10057","1959","-2.492465e-02",0.0899771039250221
"877","10057","1960"," 2.800843e-02",-0.0798987301348336
"878","10057","1961","-4.904565e-02",0.14081837827118
"879","10057","1962"," 9.940964e-02",0.123690053964613
"880","10057","1963"," 2.070401e-01",0.145255464778132
"881","10057","1964"," 3.793645e-01",0.243453991561575
"882","10057","1965"," 7.017916e-01",0.680322999886819
"883","10057","1966"," 1.370000e-01",-0.0733879884710269
"884","10057","1967","-1.880000e-01",0.193924651746411
"885","10057","1968","-5.080000e-02",0.331156771372104
"886","10057","1969"," 2.970000e-01",-0.138970463463672
"887","10057","1970"," 1.650000e-01",-0.381746045732067
"888","10057","1971","-2.850000e-01",0.140863354293967
"889","10057","1972","-2.230000e-01",0.254789395840126
"890","10057","1973","-8.410000e-03",-0.216914572710231
"891","10057","1974","-2.320000e-01",-0.351612937330035
"892","10057","1975","-5.130000e-01",0.133448383291731
"893","10057","1976"," 6.349266e-02",0.272557625611449
"894","10057","1977"," 2.093066e-01",0.388590570594423
"895","10057","1978"," 6.323928e-01",0.560720650060194
"896","10057","1979"," 1.560677e+00",0.476753247722756
"897","10057","1980"," 2.720419e+00",0.0322086575337879
"898","10057","1981"," 1.372552e-01",-0.120719885727241
"899","10057","1982","-2.274775e-01",-0.0825337327562613
"900","10057","1983","-3.049844e-01",0.43828262367142
"901","10057","1984"," 1.909613e-02",-0.473565801890034
"902","10057","1985","-4.476159e-01",-0.0121176302643127
"903","10057","1986"," 1.199998e-01",-0.140886458123672
"904","10057","1987","-2.241913e-01",0.206048436665344
"905","10057","1988"," 7.690683e+04",-0.185348132931831
"906","10057","1989","-2.538228e-01",0.189450440038068
"907","10057","1990","-1.256049e-01",-0.540151225382164
"908","10057","1990"," 4.597637e-02",-0.540151225382164
"909","10057","1992","-5.535324e-01",0.193759311580289
"910","10057","1993"," 4.420070e+04",0.204307520328448
"911","10057","1994","-1.645032e-01",0.148767493275079
"912","10057","1995"," 3.295472e-02",0.827022606439973
"913","10057","1996"," 1.678926e-01",0.617873914968286
"914","10057","1997"," 1.183688e+05",NA
"915","10058","1972"," 3.773477e-02",NA
"916","10058","1973"," 2.222220e-01",-0.713530916485027
"917","10058","1974","-7.649169e-01",-0.315788634786559
"918","10058","1975","-8.824583e-01",NA
"919","10058","1976"," 1.818180e-01",1.27272119446776
"920","10058","1977"," 9.230750e-01",0.159998912161252
"921","10058","1978"," 1.230764e+00",-0.448275820440419
"922","10058","1979"," 2.307657e-01",0.250000075892792
"923","10058","1980"," 5.384567e-01",-0.100000137059195
"924","10058","1982","-5.833333e-01",-0.133332920833454
"925","10058","1983","-6.388886e-01",-5.32966999866602e-07
"926","10058","1984","-6.388894e-01",-0.153845765567746
"927","10059","1986","-8.712830e-02",0.146382031816529
"928","10059","1987"," 1.891741e-01",0.239571096102386
"929","10059","1988"," 1.135875e+05",-0.349614070303182
"930","10059","1989","-6.128179e-02",1.08129280922304
"931","10059","1990"," 4.690488e-02",-0.375041656204046
"932","10059","1990"," 9.359240e-01",-0.375041656204046
"933","10059","1992","-4.098064e-01",-0.35637844976132
"934","10059","1993"," 7.561598e+04",3.55850201031437
"935","10059","1994","-6.113057e-01",-0.23295405288375
"936","10059","1995"," 9.165887e-01",NA
"937","10060","1986","-1.268298e-01",0.114565682047941
"938","10060","1987"," 1.610593e-01",0.321815518537214
"939","10060","1988"," 1.858114e+05",-0.350004011315228
"940","10060","1989","-4.233914e-02",1.04445915342082
"941","10060","1990"," 9.731342e-01",-0.325857694551668
"942","10060","1990"," 8.675782e-02",-0.325857694551668
"943","10060","1992","-3.942112e-01",-0.354725968787737
"944","10060","1993"," 1.655016e+05",2.78796471429283
"945","10060","1994","-5.885059e-01",-0.0366971199549646
"946","10060","1995"," 7.376483e-01",-0.50931877801206
"947","10060","1996"," 5.044598e-01",0.0241699472118753
"948","10060","1997"," 6.495246e+04",-0.324893572217202
"949","10060","1998"," 7.662268e+04",0.261045089661891
"950","10060","1999"," 1.379537e+05",NA
"951","10061","1986","-5.960000e-02",-0.265306224923077
"952","10061","1987","-2.110000e-01",0.38467512467352
"953","10061","1988"," 1.727208e+04",-0.12009543148595
"954","10061","1989","-1.490000e-02",-0.758064043656788
"955","10061","1990","-6.670000e-02",-0.333332560846274
"956","10061","1990","-7.910000e-01",-0.333332560846274
"957","10062","1986"," 1.219474e-02",-0.39759081315566
"958","10062","1987","-3.703707e-01",0.38000018746005
"959","10062","1988"," 9.524131e+04",-0.101450607670992
"960","10062","1989","-2.592584e-01",0.49999938884203
"961","10062","1990"," 1.358067e-01",-0.655913627277917
"962","10062","1990","-1.075280e-02",-0.655913627277917
"963","10062","1992"," 5.185598e+04",1.22222261010952
"964","10062","1993","-8.085113e-01",-0.324999503124972
"965","10062","1994"," 6.057403e+04",-0.0185186431413664
"966","10062","1995"," 7.251730e+04",-0.094339149943391
"967","10062","1996"," 8.701766e+04",-0.104166552239874
"968","10062","1997"," 1.426887e+05",0.116279424167328
"969","10062","1998"," 1.419334e+05",-0.755708735430278
"970","10062","1999"," 1.155921e+05",-0.75609755453896
"971","10062","2000"," 1.388520e+05",NA
"972","10063","1986","-1.568620e-01",1.61538736344508
"973","10063","1987"," 1.372091e+00",-0.607842915821136
"974","10063","1988"," 3.962043e+04",0.20000063692841
"975","10063","1989"," 1.162716e-01",0.210830484099256
"976","10063","1990"," 4.761896e-02",-0.714285658566072
"977","10063","1990"," 6.375211e-02",-0.714285658566072
"978","10063","1992"," 1.565228e+04",0.391303830483951
"979","10063","1993","-4.249986e-01",-0.687500117187695
"980","10063","1994"," 1.735359e+04",NA
"981","10064","1986"," 4.120000e-02",0.219999785641603
"982","10064","1987"," 2.080000e-01",0.131148683610506
"983","10064","1988"," 3.136518e+04",0.429960705554553
"984","10064","1989"," 9.140000e-01",0.806121508166617
"985","10064","1990"," 3.950000e-02",-0.525424281787472
"986","10064","1990"," 2.510000e+00",-0.525424281787472
"987","10064","1992"," 1.104082e+05",-0.402424670750321
"988","10064","1993"," 4.670000e-01",-0.351946304634362
"989","10064","1994"," 2.361497e+05",-0.328358147463892
"990","10064","1995"," 3.136064e+05",-0.199999988416827
"991","10064","1996"," 3.382268e+05",1.61111437615491
"992","10064","1997"," 1.584219e+05",-0.042553
"993","10064","1998"," 2.179533e+05",NA
"994","10065","1926"," 1.012789e+00",0.233825162918944
"995","10065","1927"," 1.238559e+00",0.525395873665371
"996","10065","1928"," 1.975244e+00",1.12055166348237
"997","10065","1929"," 4.160568e+00",-0.126147733346627
"998","10065","1930"," 3.031525e+00",-0.326591782466721
"999","10065","1931"," 2.157532e+00",-0.732793873200897
"1000","10065","1932"," 5.345125e-01",0.212121315193178
"1001","10065","1933"," 6.013278e-01",0.50000348380689
"1002","10065","1934"," 9.855026e-01",-0.0333322083832311
"1003","10065","1935"," 9.353952e-01",0.582759085023434
"1004","10065","1936"," 1.098904e-02",0.383102968918464
"1005","10065","1937"," 3.576468e-01",-0.412296909204534
"1006","10065","1938","-1.721806e-01",0.303050095099029
"1007","10065","1939"," 3.593029e-02",-0.192153197597201
"1008","10065","1940","-1.299043e-01",-0.184224775913582
"1009","10065","1941","-2.952590e-01",0.216552082119063
"1010","10065","1942","-1.719507e-01",0.119338424555812
"1011","10065","1943","-2.438815e-02",0.508154587713365
"1012","10065","1944"," 3.801598e-01",0.305523283779112
"1013","10065","1945"," 8.694544e-01",0.543296007436894
"1014","10065","1946"," 7.926859e-02",-0.151558775088807
"1015","10065","1947","-2.498436e-01",0.136842470815846
"1016","10065","1948","-1.177709e-01",0.101699060548877
"1017","10065","1949","-5.438932e-02",0.274995742041412
"1018","10065","1950"," 2.220968e-01",0.202994262191349
"1019","10065","1951"," 5.419976e-01",0.404276916429388
"1020","10065","1952"," 1.016401e+00",0.23310207976259
"1021","10065","1953"," 1.403919e+00",-0.152742168885762
"1022","10065","1954"," 1.017518e+00",0.544746493534187
"1023","10065","1955"," 2.212618e+00",0.393834064704437
"1024","10065","1956","-4.000060e-02",-0.0272659815071857
"1025","10065","1957"," 1.241159e-01",0.0512419846792127
"1026","10065","1958"," 5.347924e-02",0.646795650131233
"1027","10065","1959"," 5.512251e-01",0.0544595884578158
"1028","10065","1960"," 6.466554e-01",0.0170359119106716
"1029","10065","1961"," 5.277598e-01",0.470573475428878
"1030","10065","1962"," 1.078383e+00",-0.0335673123479447
"1031","10065","1963"," 8.368639e-01",0.148070612988749
"1032","10065","1964"," 1.091618e+00",0.161259912502103
"1033","10065","1965"," 1.388909e+00",0.0995800680538921
"1034","10065","1966"," 3.017241e-02",0.0500996886807368
"1035","10065","1967","-3.492146e-03",0.333178198291438
"1036","10065","1968"," 2.643952e-01",0.452518023456801
"1037","10065","1969"," 7.493368e-01",-0.0996458051890236
"1038","10065","1970"," 4.849938e-01",-0.177938960595692
"1039","10065","1971"," 3.949559e-01",0.0558512840588548
"1040","10065","1972"," 3.902702e-01",0.226575319296237
"1041","10065","1973"," 6.648166e-01",-0.0614620760468312
"1042","10065","1974"," 5.953494e-01",-0.300591298996913
"1043","10065","1975"," 1.477932e-01",0.824974261664246
"1044","10065","1976"," 7.407495e-02",0.611357123041605
"1045","10065","1977"," 3.000362e-01",0.107871370370629
"1046","10065","1978"," 4.142185e-01",-0.099911700728048
"1047","10065","1979"," 4.443583e-01",0.494521778482081
"1048","10065","1980"," 7.397409e-01",1.14317303023175
"1049","10065","1981","-4.615447e-02",0.0171119225134291
"1050","10065","1982"," 9.971512e-02",0.343396431883753
"1051","10065","1983"," 4.462618e-01",0.184271581942061
"1052","10065","1984"," 6.495203e-01",0.144450410961076
"1053","10065","1985"," 7.180599e-01",0.614166125197481
"1054","10065","1986","-6.451996e-03",0.53064457650323
"1055","10065","1987"," 2.208022e-01",0.0188204900726088
"1056","10065","1988"," 4.662294e+05",0.18700113165943
"1057","10065","1989"," 2.569458e-01",0.297523638753226
"1058","10065","1990"," 3.200032e-02",0.143247522952034
"1059","10065","1990"," 5.495096e-01",0.143247522952034
"1060","10065","1992"," 4.593004e+05",0.233392333562939
"1061","10065","1993"," 4.284376e-01",0.0286686057272592
"1062","10065","1994"," 5.420376e+05",-0.0777283629181811
"1063","10065","1995"," 5.768856e+05",0.410812970626057
"1064","10065","1996"," 6.079017e+05",0.265885311110759
"1065","10065","1997"," 7.957751e+05",0.268730497766456
"1066","10065","1998"," 8.794913e+05",0.272364139925974
"1067","10065","1999"," 9.737083e+05",0.509579182086716
"1068","10065","2000"," 1.071677e+06",-0.0580667662757391
"1069","10065","2001"," 1.320000e+00",-0.200508591308067
"1070","10065","2002"," 1.785726e-02",-0.199321883130188
"1071","10065","2003"," 1.420917e+06",0.222094428799078
"1072","10065","2004","-4.031549e-01",0.217189677077879
"1073","10065","2005"," 1.128160e-02",0.0758108266177868
"1074","10065","2006"," 1.074408e+06",0.223046124948112
"1075","10065","2007"," 1.544338e-01",0.0476372171979824
"1076","10065","2008"," 1.099378e+06",-0.438896933245274
"1077","10065","2009"," 1.151186e+06",0.245898700994952
"1078","10065","2010"," 9.850379e+05",0.132645535614937
"1079","10065","2011"," 8.704467e+05",-0.00619893584611619
"1080","10065","2012"," 8.725937e+05",0.206996875767326
"1081","10065","2013"," 8.796461e+05",0.368142600379495
"1082","10065","2014"," 9.770695e+05",0.224957134519788
"1083","10065","2015"," 4.787657e-01",0.0720162014318904
"1084","10065","2016"," 1.120588e+06",0.108955816591922
"1085","10066","1983","-1.081080e-01",-0.303030026936
"1086","10066","1984","-3.030314e-01",-0.369564981633365
"1087","10066","1985","-5.606076e-01",-0.465517293881291
"1088","10066","1986"," 6.451600e-02",0.0322591983173739
"1089","10066","1987","-3.030404e-02",-0.781250190345941
"1090","10066","1988"," 1.765508e+04",0.285713963161723
"1091","10066","1989","-7.272718e-01",-0.666666904762
"1092","10066","1990","-9.090905e-01",NA
"1093","10066","2000"," 7.749311e+04",-0.824999912852591
"1094","10066","2001","-1.489360e-01",-0.862856784514562
"1095","10066","2002","-1.428570e-01",-0.499999875000062
"1096","10066","2003"," 4.933282e+03",NA
"1097","10067","1986","-9.110000e-07",0.0123448629190819
"1098","10067","1987","-1.200000e-02",0.402438495122
"1099","10068","1986","-4.878000e-02",-0.333332354477168
"1100","10069","1986"," 2.666700e-02",-0.493506640629416
"1101","10069","1987","-4.935088e-01",NA
"1102","10070","1986"," 1.176467e-01",0.309091385975808
"1103","10070","1987"," 3.396214e-01",-0.819444397145534
"1104","10070","1988"," 3.251794e+04",-0.65384634377399
"1105","10070","1989","-9.103781e-01",0.333333128879436
"1106","10070","1990","-8.962271e-01",-0.583333741782037
"1107","10070","1990","-1.666659e-01",-0.583333741782037
"1108","10071","1986","-4.273526e-02",0.0468661682860554
"1109","10071","1987","-1.004855e-02",-0.485663256160763
"1110","10071","1988"," 2.901433e+05",0.170399694345273
"1111","10071","1989","-4.296863e-01",0.052358929780264
"1112","10071","1990"," 3.488406e-02",-0.200750756542197
"1113","10071","1990","-3.850066e-01",-0.200750756542197
"1114","10071","1992"," 1.653574e+05",-0.0897799013483772
"1115","10071","1993"," 1.056374e+00",0.271691476866052
"1116","10071","1994"," 2.359385e+05",0.250560712417827
"1117","10071","1995"," 2.682293e+05",0.414358649301955
"1118","10071","1996"," 2.974623e+05",0.746144684669467
"1119","10071","1997"," 6.637397e+05",0.942724955398255
"1120","10071","1998"," 8.543960e+05",NA
"1121","10072","1986"," 1.363632e-01",0.0454541811166023
"1122","10072","1987"," 8.888762e-02",-0.86956509427703
"1123","10072","1988"," 6.461534e+03",3.08333491091398
"1124","10072","1989","-4.444468e-01",-0.346938166723197
"1125","10072","1990","-6.444459e-01",-0.6562502458333
"1126","10072","1992"," 1.261067e+03",0.333334285714073
"1127","10072","1993","-4.166667e-01",NA
"1128","10073","1926"," 1.000000e+00",-0.471428239592274
"1129","10073","1927"," 5.571418e-01",0.297298841413552
"1130","10073","1928"," 7.142877e-01",3.25000551952089
"1131","10073","1929"," 3.085726e+00",-0.774509368602129
"1132","10073","1930"," 7.285692e-01",-0.782608281388281
"1133","10073","1931"," 1.999996e-01",-0.804999812454206
"1134","10073","1932"," 2.999997e-02",-0.0769222800262046
"1135","10073","1933"," 2.285726e-02",1.41666909542913
"1136","10073","1934"," 6.571412e-02",0.091953527311442
"1137","10073","1935"," 6.857119e-02",2.34736873801477
"1138","10073","1936"," 3.773579e-02",-0.0743550428966858
"1139","10073","1937"," 5.524401e-01",-0.480000114729485
"1140","10073","1938","-1.939199e-01",0.538461737655135
"1141","10074","1982"," 2.857100e-02",-0.514285530645492
"1142","10074","1983","-5.277785e-01",1.30352654348942
"1143","10074","1984"," 5.967355e-02",0.466343180231107
"1144","10074","1985"," 5.994975e-01",0.967607824658023
"1145","10074","1986","-8.140000e-08",0.495391322246165
"1146","10074","1987"," 4.340000e-01",-0.301011088910811
"1147","10074","1988"," 1.543257e+04",0.554935238957534
"1148","10074","1989"," 6.250000e-01",0.220119624891226
"1149","10074","1990"," 6.570000e-07",-0.227254741774408
"1150","10074","1990"," 1.090000e+00",-0.227254741774408
"1151","10074","1992"," 1.785192e+04",0.408602138330534
"1152","10074","1993"," 4.980000e-01",0.549498729896666
"1153","10074","1994"," 1.110000e+00",0.0835420545481769
"1154","10074","1995"," 2.360000e+00",-0.327905166759204
"1155","10074","1996"," 2.640000e+00",-0.870967466044
"1156","10074","1997"," 4.104750e+04",NA
"1157","10075","1986","-3.448300e-02",0.166515905876818
"1158","10075","1987"," 1.775731e-01",0.132770296971772
"1159","10075","1988"," 1.055925e+05",0.219865601824867
"1160","10075","1989"," 6.270689e-01",-0.150117660893569
"1161","10075","1990"," 1.490000e-02",0.108183273637123
"1162","10075","1990"," 3.411907e-01",0.108183273637123
"1163","10075","1992"," 8.134388e+04",0.424962336093544
"1164","10075","1993"," 5.940000e-01",-0.0753987246184809
"1165","10075","1994"," 1.210000e+00",-0.269565541434584
"1166","10075","1995"," 1.050000e+00",0.591302703795643
"1167","10075","1996"," 4.090000e-01",0.252334857714224
"1168","10075","1997"," 2.802044e+05",0.686563696211145
"1169","10075","1998"," 3.328177e+05",-0.384955752992707
"1170","10075","1999"," 3.743972e+05",1.11150952896292
"1171","10075","2000"," 5.035874e+05",NA
"1172","10076","1986"," 4.651181e-02",-0.199999413260883
"1173","10076","1987","-2.765962e-01",-0.609374720099906
"1174","10076","1988"," 1.112350e+04",-0.560000519425052
"1175","10076","1989","-8.829789e-01",0.000377059053870532
"1176","10076","1990","-9.090909e-02",-0.6363636
"1177","10076","1990","-8.935770e-01",-0.6363636
"1178","10077","1986","-1.351246e-02",-0.211429647195341
"1179","10077","1987","-2.334097e-01",-0.164381703515926
"1180","10077","1988"," 3.198419e+04",-0.113638094699173
"1181","10077","1989","-4.176544e-01",-0.217949658869303
"1182","10077","1990","-5.523237e-01",-0.344260582361233
"1183","10077","1990"," 1.640000e-02",-0.344260582361233
"1184","10077","1992"," 1.249505e+04",-0.111111300793916
"1185","10077","1993","-8.550000e-01",-0.937499851388906
"1186","10077","1994","-8.390000e-01",NA
"1187","10077","1995","-9.920000e-01",NA
"1188","10078","1986","-3.952671e-02",0.648067709159339
"1189","10078","1987"," 6.566580e-01",0.395833981095226
"1190","10078","1988"," 8.042020e+05",-0.00746192840196402
"1191","10078","1989"," 1.266106e+00",0.0375948274296025
"1192","10078","1990"," 1.472117e+00",0.239133042129854
"1193","10078","1990","-7.250000e-03",0.239133042129854
"1194","10078","1992"," 2.260206e+06",0.185022616677684
"1195","10078","1993"," 6.150000e-01",-0.133828357467753
"1196","10078","1994"," 8.810000e-01",0.218885703953238
"1197","10078","1995"," 6.010000e-01",1.57042247181771
"1198","10078","1996"," 9.930000e-01",0.126025729337457
"1199","10078","1997"," 7.593451e+06",0.552312457985914
"1200","10078","1998"," 1.035131e+07",1.14733256325482
"1201","10078","1999"," 1.276584e+07",2.61752178300399
"1202","10078","2000"," 1.473025e+07",-0.280064964594728
"1203","10078","2001"," 1.411131e+01",-0.558743593564237
"1204","10078","2002"," 1.121074e-01",-0.747154134846758
"1205","10078","2003"," 5.407864e+07",0.437299017613763
"1206","10078","2004","-8.975756e-01",0.20581613445788
"1207","10078","2005"," 1.163315e-01",-0.222633550062353
"1208","10078","2006"," 1.489543e+07",0.293556564859973
"1209","10078","2007","-1.411416e-01",-0.163747332235346
"1210","10078","2008"," 1.504417e+07",-0.789299974277604
"1211","10078","2009"," 1.326402e+07",1.45288052641693
"1212","10078","2010"," 8.250446e+06",NA
"1213","10078","2011"," 7.109803e+06",NA
"1214","10079","1986","-3.361399e-02",-0.473683826220213
"1215","10079","1987","-4.710719e-01",0.0999994656990217
"1216","10079","1988"," 1.662376e+04",-0.500000491900884
"1217","10079","1989","-7.024755e-01",-1.23028787379909e-06
"1218","10079","1990","-7.437994e-01",-0.030304743324039
"1219","10079","1990","-3.030000e-02",-0.030304743324039
"1220","10079","1992"," 6.616015e+03",0.810344193955766
"1221","10079","1993"," 2.370000e+00",-0.523809168366004
"1222","10079","1994"," 5.560000e+00",-0.429999904670194
"1223","10079","1995"," 2.190000e+00",0.122807
"1224","10079","1996"," 9.060000e-01",NA
"1225","10080","1986"," 1.325310e-01",-0.55555517651967
"1226","10080","1987","-5.571420e-01",-0.500000839225111
"1227","10080","1988"," 2.592051e+04",0.0312491142779237
"1228","10080","1989","-7.714280e-01",0.121213008415145
"1229","10080","1990","-2.702725e-02",0.0810800841243031
"1230","10080","1990","-7.285698e-01",0.0810800841243031
"1231","10080","1992"," 1.247631e+04",0.0249998163225507
"1232","10080","1993","-1.351450e-01",-0.121951005534821
"1233","10080","1994"," 1.080926e-01",0.0555561860886364
"1234","10080","1995","-2.973106e-01",-0.171052663059314
"1235","10080","1996","-2.704036e-02",-0.174603461026396
"1236","10080","1997"," 8.524688e+03",-0.16346100362841
"1237","10080","1998"," 9.313738e+03",-0.0804592031385341
"1238","10080","1999"," 7.819909e+03",-0.399999915265294
"1239","10080","2000"," 6.694631e+03",-0.166667505103127
"1240","10080","2001","-5.873022e-01",0.688000536342532
"1241","10080","2002","-7.630000e-08",0.210899318887211
"1242","10080","2003"," 2.910607e+03",-0.178081051202061
"1243","10080","2004"," 1.090000e+00",NA
"1244","10081","1926"," 9.444439e-01",-0.346678825992971
"1245","10081","1927"," 6.810731e-01",-0.271102712381415
"1246","10081","1928"," 4.780468e-01",-8.23615350142859e-07
"1247","10081","1929"," 4.951173e-01",-0.857142961373935
"1248","10081","1930"," 8.536477e-02",-0.374998933643745
"1249","10081","1931"," 4.268251e-02",-0.1999988666662
"1250","10082","1983","-1.363633e-01",-0.250000358463386
"1251","10082","1984","-2.105260e-01",-0.333333496390934
"1252","10082","1985","-4.736858e-01",0.950001180650784
"1253","10082","1986"," 1.282045e-01",-0.423077896604919
"1254","10082","1987","-4.886385e-01",-0.666666523199325
"1255","10082","1988"," 5.509229e+03",2.26666508063887
"1256","10082","1989","-4.602297e-01",0.377552005919645
"1257","10082","1990","-2.329584e-01",-0.377776855646208
"1258","10082","1990","-1.481500e-02",-0.377776855646208
"1259","10082","1992"," 6.517831e+03",NA
"1260","10082","1993","-3.709788e-01",2.999995621489
"1261","10082","1994","-4.111280e-01",-0.416666258950314
"1262","10082","1995"," 1.328726e+00",1.07143054924937
"1263","10082","1996"," 4.454154e-01",NA
"1264","10083","1986"," 2.392386e-02",-0.246232018596353
"1265","10083","1987","-2.863809e-01",-0.413333187523585
"1266","10083","1988"," 8.641896e+04",-0.431817391789609
"1267","10083","1989","-7.652585e-01",-0.0309991847975791
"1268","10083","1990","-7.605640e-01",-0.934210501437452
"1269","10083","1990"," 3.500000e-07",-0.934210501437452
"1270","10083","1992"," 2.116166e+04",0.10000022261885
"1271","10083","1993","-8.625002e-01",-0.81818198468203
"1272","10083","1994","-8.625002e-01",NA
"1273","10084","1986"," 8.695659e-02",-0.381579384116425
"1274","10084","1987","-3.552665e-01",-0.734042690374679
"1275","10084","1988"," 2.890986e+04",0.359998438740553
"1276","10084","1989","-8.026334e-01",1.37517607575061
"1277","10084","1990","-1.428574e-01",-0.714285382040301
"1278","10084","1990","-4.605276e-01",-0.714285382040301
"1279","10084","1992"," 6.338344e+03",-0.299999895457388
"1280","10084","1993","-7.142846e-01",-0.357142370940207
"1281","10084","1994","-7.857112e-01",0.05555545
"1282","10084","1995","-8.642840e-01",NA
"1283","10085","1986"," 2.670000e-02",0.0129861581314961
"1284","10085","1987"," 6.490000e-02",-0.47435827564802
"1285","10085","1988"," 6.836002e+04",0.542116803005156
"1286","10085","1989","-1.660000e-01",2.34741675754621
"1287","10085","1990"," 2.030000e+00",0.153224473544174
"1288","10085","1990","-4.640000e-08",0.153224473544174
"1289","10085","1992"," 5.449248e+04",0.511959897246682
"1290","10085","1993"," 6.980000e-01",0.291137039157378
"1291","10085","1994"," 1.540000e+00",0.333332859411398
"1292","10085","1995"," 2.240000e+00",1.22059246098587
"1293","10085","1996"," 3.440000e+00",0.721851380669855
"1294","10085","1997"," 7.768215e+05",0.073077200591227
"1295","10085","1998"," 9.931493e+05",-0.297490405275819
"1296","10085","1999"," 1.171681e+06",-0.568877371268327
"1297","10085","2000"," 1.163619e+06",-0.437869714203647
"1298","10085","2001","-5.120000e-01",1.2736845958832
"1299","10085","2002"," 9.470000e-02",0.151851479064316
"1300","10085","2003"," 5.386679e+05",-0.145981001997455
"1301","10085","2004"," 1.370000e+00",1.57565522563775
"1302","10085","2005","-6.020000e-03",0.0752334505959444
"1303","10085","2006"," 1.066775e+06",0.0416785312855283
"1304","10085","2007"," 1.880000e+00",NA
"1305","10086","1986","-2.941200e-02",-0.0308237807978917
"1306","10086","1987"," 1.464392e-01",-0.0365748060023943
"1307","10086","1988"," 3.852232e+04",0.098810252008136
"1308","10086","1989"," 1.974084e-01",0.0156322291237256
"1309","10086","1990"," 2.161247e-01",-0.286267871692013
"1310","10086","1992"," 3.388977e+04",0.252825995341952
"1311","10086","1993"," 1.003563e-01",0.946420996939503
"1312","10086","1994"," 3.243139e-01",0.0951081503290059
"1313","10086","1995"," 1.611183e+00",NA
"1314","10087","1986"," 3.932602e-02",-0.540106657378415
"1315","10087","1987","-4.810812e-01",-0.441860422897723
"1316","10087","1988"," 5.036391e+04",0.708333754959666
"1317","10087","1989","-5.783793e-01",1.47106136146863
"1318","10087","1990"," 5.970098e-02",-0.0646651092485963
"1319","10087","1990"," 9.522174e-02",-0.0646651092485963
"1320","10087","1992"," 8.315718e+04",-0.237985056974334
"1321","10087","1993"," 1.920301e-01",0.365295948453587
"1322","10087","1994","-4.971838e-02",0.0411107455499125
"1323","10087","1995"," 2.074287e-01",-0.321038290571951
"1324","10087","1996"," 3.989445e-01",0.788236531273561
"1325","10087","1997"," 5.546940e+04",-0.528734744344991
"1326","10087","1998"," 5.898223e+04",-0.196976604506274
"1327","10087","1999"," 6.204659e+04",-0.585893509462975
"1328","10087","2000"," 5.814849e+04",2.15714604758703
"1329","10087","2001","-6.968954e-01",NA
"1330","10088","1986"," 4.880000e-02",-0.222221486479677
"1331","10088","1987","-3.640000e-01",-0.750000353692299
"1332","10088","1988"," 5.607951e+03",-0.285714
"1333","10089","1986"," 1.574890e-02",-0.626983924113271
"1334","10089","1987","-6.384618e-01",-0.468084545999473
"1335","10089","1988"," 4.195918e+04",-0.200000212317515
"1336","10089","1989","-8.576918e-01",0.850000674427796
"1337","10089","1990","-7.153834e-01",-0.77027029507788
"1338","10089","1990"," 2.700000e-02",-0.77027029507788
"1339","10089","1992"," 1.734486e+04",-0.147058361499626
"1340","10089","1993","-5.530000e-01",0.517239862664457
"1341","10089","1994","-6.320000e-01",0.95454279944859
"1342","10089","1995","-4.210000e-01",0.465116903835977
"1343","10089","1996"," 1.580000e-01",-0.50793710205731
"1344","10089","1997"," 4.773180e+04",8.45881486633004e-07
"1345","10089","1998"," 3.815344e+04",-0.604838763244994
"1346","10089","1999"," 3.143126e+04",2.91836737178896
"1347","10089","2000"," 2.852346e+04",0.479167259022301
"1348","10089","2001","-2.539725e-01",-0.549295093285458
"1349","10089","2002","-7.041312e-03",-0.745000191457548
"1350","10089","2003"," 4.322699e+04",0.245096333640896
"1351","10089","2004","-8.869934e-01",-0.314960649257096
"1352","10089","2005"," 6.299114e-02",-0.86206883421
"1353","10089","2006"," 9.884564e+03",NA
"1354","10090","1986","-3.846095e-02",-0.0537640236244944
"1355","10090","1987","-1.456337e-01",-0.43181762569138
"1356","10090","1988"," 1.947870e+04",-0.0400008418609225
"1357","10090","1989","-5.048560e-01",-0.208332697234934
"1358","10090","1990","-2.631600e-02",-0.578989608884859
"1359","10090","1990","-6.407790e-01",-0.578989608884859
"1360","10090","1992"," 1.579389e+04",-0.566666822009411
"1361","10090","1993"," 4.493781e-02",3.61538211448066
"1362","10090","1994","-5.676134e-01",-0.716666649104259
"1363","10090","1995"," 1.107901e+00",1.73529451821088
"1364","10090","1996","-3.514118e-01",NA
"1365","10091","1986","-3.508811e-02",-0.212963002833045
"1366","10091","1987","-2.272745e-01",0.364704324182149
"1367","10091","1988"," 2.534067e+04",1.36206859715039
"1368","10091","1989"," 1.527286e+00",0.014599
"1369","10092","1986"," 2.156866e-01",-0.466667435563708
"1370","10092","1987","-4.516134e-01",-0.0937481045539432
"1371","10092","1988"," 2.356248e+04",-0.0344838289481902
"1372","10092","1989","-5.645172e-01",-0.0357142936864828
"1373","10092","1990"," 3.703671e-02",-0.444443797417725
"1374","10092","1990","-5.322613e-01",-0.444443797417725
"1375","10092","1992"," 1.115447e+04",0.740744009833658
"1376","10092","1993","-1.724224e-01",0.787232734966669
"1377","10092","1994"," 6.551558e-01",-0.654762369172881
"1378","10092","1995"," 1.758599e+00",-0.310345073905198
"1379","10092","1996","-1.034564e-01",-0.599999887860628
"1380","10092","1997"," 6.488206e+03",1.75000443438891
"1381","10092","1998"," 6.312024e+03",3.00000052800132
"1382","10092","1999"," 7.063033e+03",6.63635788791812
"1383","10092","2000"," 1.124786e+04",-0.680803381614003
"1384","10092","2001"," 3.880662e+01",1.24111601458145
"1385","10092","2002"," 4.900000e-02",0.102346895121487
"1386","10092","2003"," 2.196497e+05",0.178442520531043
"1387","10092","2004"," 1.550000e+00",-0.192159613355791
"1388","10092","2005"," 4.919246e-02",-0.253568477579696
"1389","10092","2006"," 3.026260e+05",0.161249576594361
"1390","10092","2007","-4.009707e-01",-0.278266035735758
"1391","10092","2008"," 2.547436e+05",-0.850950539561105
"1392","10092","2009"," 1.572228e+05",-0.18877402796234
"1393","10092","2010"," 1.052759e+05",-0.540503777228039
"1394","10092","2011"," 6.341841e+04",NA
"1395","10093","1986"," 2.113810e-01",-0.496473015701105
"1396","10093","1987","-4.954830e-01",-0.33840329243199
"1397","10093","1988"," 5.411828e+04",-0.185454795582771
"1398","10093","1989","-7.452824e-01",-0.656249987782356
"1399","10093","1990","-2.272828e-02",-0.7272725
"1400","10093","1990","-8.905510e-01",-0.7272725
"1401","10094","1986"," 6.349257e-02",-0.246575225859594
"1402","10094","1987","-1.428545e-01",-0.0318195294501188
"1403","10094","1988"," 4.598956e+04",-0.154929713855497
"1404","10094","1989","-3.142797e-01",0.816665266891598
"1405","10094","1990"," 1.571551e-01",-0.247706826461321
"1406","10094","1990"," 9.180000e-03",-0.247706826461321
"1407","10094","1992","-2.730000e-01",-0.308332861865759
"1408","10094","1993"," 6.049322e+04",-0.469878795050811
"1409","10094","1994"," 8.024704e+04",0.0681817746139382
"1410","10094","1995"," 8.402659e+04",-0.0638289380912297
"1411","10094","1996"," 7.695704e+04",2.88636703822275
"1412","10094","1997"," 4.603365e+04",0.745614475364752
"1413","10094","1998"," 1.058711e+05",NA
"1414","10095","1986"," 4.838670e-02",-0.370370019360868
"1415","10095","1987","-3.125020e-01",-0.0588231418430731
"1416","10095","1988"," 9.388792e+04",-0.406249799036083
"1417","10095","1989","-5.937510e-01",1.73684630040393
"1418","10095","1990"," 8.333123e-02",0.326922292024853
"1419","10095","1990"," 3.850000e-02",0.326922292024853
"1420","10095","1992"," 3.140000e-01",-0.0620432177722771
"1421","10095","1993"," 3.263619e+05",-0.822957487294806
"1422","10095","1994"," 5.680739e+05",-0.206044119546036
"1423","10095","1995"," 5.659526e+05",NA
"1424","10096","1986"," 6.670000e-03",-1.88333789963302e-06
"1425","10096","1987","-6.630000e-03",-0.163999063416171
"1426","10096","1988"," 9.027153e+03",-0.208772274559517
"1427","10096","1989","-3.350000e-01",0.707316727660712
"1428","10096","1990"," 4.170000e-02",0.0571426452379999
"1429","10096","1990","-5.714336e-02",0.0571426452379999
"1430","10097","1987","-5.833350e-01",-0.900000145275105
"1431","10097","1988"," 4.415709e+03",1
"1432","10097","1992","-9.090990e-02",0.904763461650363
"1433","10097","1993"," 4.123489e+03",1.50000104087413
"1434","10097","1994"," 3.860800e+03",0.182834362344126
"1435","10097","1995"," 6.668308e+03",0.867623351405437
"1436","10097","1996"," 9.688089e+03",0.370756188187312
"1437","10097","1997"," 4.826580e+04",NA
"1438","10098","1986"," 4.803504e-02",-0.618644018850917
"1439","10098","1987","-5.897433e-01",-0.399999913761813
"1440","10098","1988"," 3.139854e+04",1.25925864517735
"1441","10098","1989","-4.957284e-01",0.0983600665984377
"1442","10099","1986"," 3.043470e-01",-0.321739865725883
"1443","10099","1987","-3.217405e-01",-0.220085455797504
